id,prompt
P136,vegetation levine dominated classic
P279,is societies ##estinal shaped
P1376,hee demographic ##ably means
P159,authorized recognise in downtown
P30,thierry isla photos mainland
P108,hosting mathematics consulting for
P1001,translates uniformed municipalities within
P364,malabar subscribers % speaks
P463,suffers cinematic membership into
P47,utilizes twinned geographically beside
P527,ingredients solely percent ##ising
P37,jimi means helsinki in
P495,ejected remake internationally represent
P27,unharmed internationally skating representing
P449,reflect howard letterman of
P106,cbe a canadian born
P407,reacher eurovision speaks predominantly
P1303,outta fireworks clarinet electric
P1412,translated ##logie poems into
P190,sneak 2002 then biennale
P740,filmed whilst ##bbled downtown
P138,: ##ense name represents
P131,elects district localized in
P178,sued commodore software versus
P101,trinity cambridge references practical
P276,: radio live from
P39,trusts cathedral as reelected
P31,is ##sibility eponymous montrose
P20,fcc centre fine biennale
P413,##zia nhl inning attacking
P103,nouveau diplomatic official fluent
P140,ignatius practices sunni ##ised
P530,smoked ambassador administratively borders
P176,combines kaiser manufacturing alongside
P127,automation libre plaintiffs visited
P19,directs next theater visited
P17,municipalities officially traveller outside
P36,doping seat lies downtown
P937,honored portrait gallery in
P264,homo liberalism parc golden
P361,islamabad analogous resembles modern
